Team,Name,Hometown,Sport,Season,Year
Olympic,Deedra Irwin,"Pulaski, Wisconsin",Biathlon,Winter,2026
Olympic,Lucinda Anderson,"Golden Valley, Minnesota",Biathlon,Winter,2026
Olympic,Margaret Freed,"Apple Valley, Minnesota",Biathlon,Winter,2026
Olympic,Maxime Germain,"Juneau, Alaska",Biathlon,Winter,2026
Olympic,Paul Schommer,"Appleton, Wisconsin",Biathlon,Winter,2026
Olympic,Sean Doherty,"Center Conway, New Hampshire",Biathlon,Winter,2026
Olympic,Joanne Reid,"Palo Alto, California",Biathlon,Winter,2026
Olympic,Campbell Wright,"Wanaka, New Zealand",Biathlon,Winter,2026
Olympic,Elana Meyers Taylor,"Douglasville, Georgia",Bobsled,Winter,2026
Olympic,Boone Niederhofer,"San Antonio, Texas",Bobsled,Winter,2026
Olympic,Frank Del Duca,"Bethel, Maine",Bobsled,Winter,2026
Olympic,Jasmine Jones,"Greensburg, Pennsylvania",Bobsled,Winter,2026
Olympic,Joshua Williamson,"Sanford, Florida",Bobsled,Winter,2026
Olympic,Kristopher Horn,"Pembroke, Massachusetts",Bobsled,Winter,2026
Olympic,Hunter Powell,"Fort Collins, Colorado",Bobsled,Winter,2026
Olympic,Kaysha Love,"Herriman, Utah",Bobsled,Winter,2026
Olympic,Azaria Hill,"Santa Clarita, California",Bobsled,Winter,2026
Olympic,Bryan Sosoo,"Laurel, Maryland",Bobsled,Winter,2026
Olympic,Caleb Furnell,"Lees Summit, Missouri",Bobsled,Winter,2026
Olympic,Carsten Vissering,"Bethesda, Maryland",Bobsled,Winter,2026
Olympic,Kaillie Humphries,"Calgary, Alberta, Canada",Bobsled,Winter,2026
Olympic,Jadin O'Brien,"Pewaukee, Wisconsin",Bobsled,Winter,2026
Olympic,Jessie Diggins,"Afton, Minnesota",Cross-Country Skiing,Winter,2026
Olympic,Rosie Brennan,"Park City, Utah",Cross-Country Skiing,Winter,2026
Olympic,Julia Kern,"Waltham, Massachusetts",Cross-Country Skiing,Winter,2026
Olympic,Novie McCabe,"Winthrop, Washington",Cross-Country Skiing,Winter,2026
Olympic,Gus Schumacher,"Anchorage, Alaska",Cross-Country Skiing,Winter,2026
Olympic,Ben Ogden,"Landgrove, Vermont",Cross-Country Skiing,Winter,2026
Olympic,Zak Ketterson,"Bloomington, Minnesota",Cross-Country Skiing,Winter,2026
Olympic,James Schoonmaker,"Tahoe City, California",Cross-Country Skiing,Winter,2026
Olympic,Zanden McMullen,"Anchorage, Alaska",Cross-Country Skiing,Winter,2026
Olympic,John Steel Hagenbuch,"Ketchum, Idaho",Cross-Country Skiing,Winter,2026
Olympic,Lauren Jortberg,"Boulder, Colorado",Cross-Country Skiing,Winter,2026
Olympic,Kendall Kramer,"Fairbanks, Alaska",Cross-Country Skiing,Winter,2026
Olympic,Hunter Wonders,"Anchorage, Alaska",Cross-Country Skiing,Winter,2026
Olympic,Samantha Smith,"Boise, Idaho",Cross-Country Skiing,Winter,2026
Olympic,Jack Young,"Jay, Vermont",Cross-Country Skiing,Winter,2026
Olympic,Hailey Swirbul,"El Jebel, Colorado",Cross-Country Skiing,Winter,2026
Olympic,Korey Dropkin,"Southborough, Massachusetts",Curling,Winter,2026
Olympic,Cory Thiesse,"Duluth, Minnesota",Curling,Winter,2026
Olympic,Tabitha Lovick,"Eagan, Minnesota",Curling,Winter,2026
Olympic,Taylor Anderson,"Broomall, Pennsylvania",Curling,Winter,2026
Olympic,Tara Peterson,"Eagan, Minnesota",Curling,Winter,2026
Olympic,Luc Violette,"Lake Stevens, Washington",Curling,Winter,2026
Olympic,Benjamin Richardson,"Seattle, Washington",Curling,Winter,2026
Olympic,Rich Ruohonen,"Brooklyn Park, Minnesota",Curling,Winter,2026
Olympic,Aidan Oldenburg,"Mapleton, Minnesota",Curling,Winter,2026
Olympic,Daniel Casper,"Briarcliff Manor, New York",Curling,Winter,2026
Olympic,Aileen Geving,"Duluth, Minnesota",Curling,Winter,2026
Olympic,Nicholas Goepper,"Lawrencburg, Indiana",Freeski,Winter,2026
Olympic,Alexander Ferreira,"Aspen, Colorado",Freeski,Winter,2026
Olympic,Troy Podmilsak,"Park City, Utah",Freeski,Winter,2026
Olympic,Hunter Hess,"Bend, Oregon",Freeski,Winter,2026
Olympic,Birk Irving,"Winter Park, Colorado",Freeski,Winter,2026
Olympic,Kate Gray,"Mammoth Lakes, California",Freeski,Winter,2026
Olympic,Riley Jacobs,"Oak Creek, Colorado",Freeski,Winter,2026
Olympic,Grace Henderson,"Durham, New Hampshire",Freeski,Winter,2026
Olympic,Mac Forehand,"Winhall, Vermont",Freeski,Winter,2026
Olympic,Konnor Ralph,"Helena, Montana",Freeski,Winter,2026
Olympic,Marin Hamill,"Park City, Utah",Freeski,Winter,2026
Olympic,Rell Harwood,"Park City, Utah",Freeski,Winter,2026
Olympic,Avery Krumme,"Squamish, Utah",Freeski,Winter,2026
Olympic,Abby Winterberger,"Truckee, California",Freeski,Winter,2026
Olympic,Alexander Hall,"Salt Lake City, Utah",Freeski,Winter,2026
Olympic,Svea Irving,"Winter Park, Colorado",Freeski,Winter,2026
Olympic,Olivia Giaccio,"Redding, Connecticut",Freestyle Skiing,Winter,2026
Olympic,Kaila Kuhn,"Boyne City, Michigan",Freestyle Skiing,Winter,2026
Olympic,Jaelin Kauf,"Alta, Wyoming",Freestyle Skiing,Winter,2026
Olympic,Quinn Dehlinger,"Cincinnati, Ohio",Freestyle Skiing,Winter,2026
Olympic,Elizabeth Lemley,"Vail, Colorado",Freestyle Skiing,Winter,2026
Olympic,Dylan Walczyk,"Rochester, New York",Freestyle Skiing,Winter,2026
Olympic,Nick Page,"Park City, Utah",Freestyle Skiing,Winter,2026
Olympic,Landon Wendler,"Steamboat Springs, Colorado",Freestyle Skiing,Winter,2026
Olympic,Tess Johnson,"Vail, Colorado",Freestyle Skiing,Winter,2026
Olympic,Winter Vinecki,"Gaylord, Michigan",Freestyle Skiing,Winter,2026
Olympic,Tasia Tanner,"Park CIty, Utah",Freestyle Skiing,Winter,2026
Olympic,Derek Krueger,"Chagrin falls, Ohio",Freestyle Skiing,Winter,2026
Olympic,Christopher Lillis,"Rochester, New York",Freestyle Skiing,Winter,2026
Olympic,Connor Curran,"Cincinnati, Ohio",Freestyle Skiing,Winter,2026
Olympic,Kyra Dossa,"cleveland, Ohio",Freestyle Skiing,Winter,2026
Olympic,Charlie Mickel,"Durango, Colorado",Freestyle Skiing,Winter,2026
Olympic,Alysa Liu,"Oakland, California",Figure Skating,Winter,2026
Olympic,Amber Glenn,"Plano, Texas",Figure Skating,Winter,2026
Olympic,Andrew Torgashev,"Coral Springs, Florida",Figure Skating,Winter,2026
Olympic,Anthony Ponomarenko,"San Jose, California",Figure Skating,Winter,2026
Olympic,Christina Carreira,"St Clair, Michigan",Figure Skating,Winter,2026
Olympic,Daniel O'Shea,"Colorado Springs, Colorado",Figure Skating,Winter,2026
Olympic,Evan Bates,"Ann Arbor, Michigan",Figure Skating,Winter,2026
Olympic,Ilia Malinin,"Vienna, Virginia",Figure Skating,Winter,2026
Olympic,Isabeau Levito,"Mount Laurel, New Jersey",Figure Skating,Winter,2026
Olympic,Madison Chock,"Redondo Beach, California",Figure Skating,Winter,2026
Olympic,Maxim Naumov,"Norwood, Massachusetts",Figure Skating,Winter,2026
Olympic,Spencer Howe,"Los Angeles, California",Figure Skating,Winter,2026
Olympic,Ellie Kam,"Colorado Springs, Colorado",Figure Skating,Winter,2026
Olympic,Emilea Zingas,"Grosse Pointe Farms, Michigan",Figure Skating,Winter,2026
Olympic,Vadym Kolesnik,"Kharkiv, Ukraine",Figure Skating,Winter,2026
Olympic,Emily Chan,"Pasadena, Texas",Figure Skating,Winter,2026
Olympic,Kyle Connor,"Shelby Township, Michigan",Ice Hockey - Men's,Winter,2026
Olympic,John Eichel,"North Chelmsford, Massachusetts",Ice Hockey - Men's,Winter,2026
Olympic,Brock Faber,"Maple Grove, Minnesota",Ice Hockey - Men's,Winter,2026
Olympic,Jake Guentzel,"Woodbury, Minnesota",Ice Hockey - Men's,Winter,2026
Olympic,Noah Hanifin,"Norwood, Massachusetts",Ice Hockey - Men's,Winter,2026
Olympic,Connor Hellebuyck,"Orchard Lake, Michigan",Ice Hockey - Men's,Winter,2026
Olympic,Jack Hughes,"Canton, Michigan",Ice Hockey - Men's,Winter,2026
Olympic,Quinn Hughes,"Canton, Michigan",Ice Hockey - Men's,Winter,2026
Olympic,Jackson LaCombe,"Eden Prairie, Minnesota",Ice Hockey - Men's,Winter,2026
Olympic,Dylan Larkin,"Waterford, Michigan",Ice Hockey - Men's,Winter,2026
Olympic,Clayton Keller,"Swansea, Illinois",Ice Hockey - Men's,Winter,2026
Olympic,Auston Matthews,"Phoenix, Arizona",Ice Hockey - Men's,Winter,2026
Olympic,Charles McAvoy,"Long Beach, New York",Ice Hockey - Men's,Winter,2026
Olympic,J.T. Miller,"East Palestine, Ohio",Ice Hockey - Men's,Winter,2026
Olympic,Brock Nelson,"Warroad, Minnesota",Ice Hockey - Men's,Winter,2026
Olympic,Jake Oettinger,"Lakeville, Minnesota",Ice Hockey - Men's,Winter,2026
Olympic,Jake Sanderson,"Whitefish, Montana",Ice Hockey - Men's,Winter,2026
Olympic,Jaccob Slavin,"Erie, Colorado",Ice Hockey - Men's,Winter,2026
Olympic,Braeden Tkachuk,"St. Louis, Missouri",Ice Hockey - Men's,Winter,2026
Olympic,Matthew Tkachuk,"St. Louis, Missouri",Ice Hockey - Men's,Winter,2026
Olympic,Vincent Trocheck,"Pittsburgh, Pennsylvania",Ice Hockey - Men's,Winter,2026
Olympic,Zach Werenski,"Grosse pointe woods, Michigan",Ice Hockey - Men's,Winter,2026
Olympic,Matt Boldy,"Millis, Massachusetts",Ice Hockey - Men's,Winter,2026
Olympic,Jeremy Swayman,"Anchorage, Alaska",Ice Hockey - Men's,Winter,2026
Olympic,Tage Thompson,"Phoenix, Arizona",Ice Hockey - Men's,Winter,2026
Olympic,Abbey Murphy,"Evergreen Park, Illinois",Ice Hockey - Women's,Winter,2026
Olympic,Aerin Frankel,"Chappaqua, New York",Ice Hockey - Women's,Winter,2026
Olympic,Alexandra Carpenter,"North Reading, Massachusetts",Ice Hockey - Women's,Winter,2026
Olympic,Britta Curl-Salemme,"Bismarck, North Dakota",Ice Hockey - Women's,Winter,2026
Olympic,Caroline Harvey,"Salem, New Hampshire",Ice Hockey - Women's,Winter,2026
Olympic,Cayla Barnes,"Eastvale, California",Ice Hockey - Women's,Winter,2026
Olympic,Grace Zumwinkle,"Excelsior, Minnesota",Ice Hockey - Women's,Winter,2026
Olympic,Hilary Knight,"Sun Valley, Idaho",Ice Hockey - Women's,Winter,2026
Olympic,Hannah Bilka,"Coppell, Texas",Ice Hockey - Women's,Winter,2026
Olympic,Hayley Scamurra,"Getzville, New York",Ice Hockey - Women's,Winter,2026
Olympic,Kelly Pannek,"Plymouth, Minnesota",Ice Hockey - Women's,Winter,2026
Olympic,Kendall Coyne Schofield,"Palos Heights, Illinois",Ice Hockey - Women's,Winter,2026
Olympic,Lee Stecklein,"Roseville, Minnesota",Ice Hockey - Women's,Winter,2026
Olympic,Megan Keller,"Farmington Hills, Michigan",Ice Hockey - Women's,Winter,2026
Olympic,Rory Guilday,"Chanhassen, Minnesota",Ice Hockey - Women's,Winter,2026
Olympic,Taylor Heise,"Lake City, Minnesota",Ice Hockey - Women's,Winter,2026
Olympic,Kirsten Simms,"Plymouth, Michigan",Ice Hockey - Women's,Winter,2026
Olympic,Laila Edwards,"Cleveland, Ohio",Ice Hockey - Women's,Winter,2026
Olympic,Tessa Janecke,"Orangeville, Illinois",Ice Hockey - Women's,Winter,2026
Olympic,Joy Dunne,"O’Fallon, Missouri",Ice Hockey - Women's,Winter,2026
Olympic,Ava McNaughton,"Wexford, Pennsylvania",Ice Hockey - Women's,Winter,2026
Olympic,Gwyneth Philips,"Athens, Ohio",Ice Hockey - Women's,Winter,2026
Olympic,Haley Winn,"Rochester, New York",Ice Hockey - Women's,Winter,2026
Olympic,Ashley Farquharson,"Park City, Utah",Luge,Winter,2026
Olympic,Chevonne Forgan,"Chelmsford, Massachusetts",Luge,Winter,2026
Olympic,Emily Fischnaller,"Lake Placid, New York",Luge,Winter,2026
Olympic,Jonathan Gustafson,"Massena, New York",Luge,Winter,2026
Olympic,Matthew Greiner,"Park City, Utah",Luge,Winter,2026
Olympic,Sean Hollander,"Lake Placid, New York",Luge,Winter,2026
Olympic,Sophia Kirkby,"Lake Placid, New York",Luge,Winter,2026
Olympic,Summer Britcher,"Glen Rock, Pennsylvania",Luge,Winter,2026
Olympic,Zachary DiGregorio,"Medway, Massachusetts",Luge,Winter,2026
Olympic,Ansel Haugsjaa,"Framingham, Massachusetts",Luge,Winter,2026
Olympic,Marcus Mueller,"Brookfield, Wisconsin",Luge,Winter,2026
Olympic,Niklas Malacinski,"Steamboat Springs, Colorado",Nordic Combined,Winter,2026
Olympic,Ben Loomis,"Eau Claire, Wisconsin",Nordic Combined,Winter,2026
Olympic,Kevin Bickner,"Wauconda, Illinois",Ski Jumping,Winter,2026
Olympic,Annika Belshaw,"Steamboat Springs, Colorado",Ski Jumping,Winter,2026
Olympic,Paige Jones,"Park City, Utah",Ski Jumping,Winter,2026
Olympic,Josie Johnson,"Park City, Utah",Ski Jumping,Winter,2026
Olympic,Jason Colby,"Steamboat Springs, Colorado",Ski Jumping,Winter,2026
Olympic,Tate Frantz,"Lake Placid, New York",Ski Jumping,Winter,2026
Olympic,Austin Florian,"Southington, Connecticut",Skeleton,Winter,2026
Olympic,Daniel Barefoot,"Johnstown, Pennsylvania",Skeleton,Winter,2026
Olympic,Kelly Curtis,"Princeton, New Jersey",Skeleton,Winter,2026
Olympic,Mystique Ro,"Nokesville, Virginia",Skeleton,Winter,2026
Olympic,Bryce Bennett,"Palisades Tahoe, California",Alpine Skiing - Men's,Winter,2026
Olympic,Ryan Cochran-Siegle,"Starksboro, Vermont",Alpine Skiing - Men's,Winter,2026
Olympic,Sam Morse,"Carrabassett Valley, Maine",Alpine Skiing - Men's,Winter,2026
Olympic,Kyle Negomir,"Littleton, Colorado",Alpine Skiing - Men's,Winter,2026
Olympic,River Radamus,"Edwards, Colorado",Alpine Skiing - Men's,Winter,2026
Olympic,Ryder Sarchett,"Ketchum, Idaho",Alpine Skiing - Men's,Winter,2026
Olympic,Mary Bocock,"Salt Lake City, Utah",Alpine Skiing - Women's,Winter,2026
Olympic,Keely Cashman,"Strawberry, California",Alpine Skiing - Women's,Winter,2026
Olympic,Katherine Hensien,"Redmond, Washington",Alpine Skiing - Women's,Winter,2026
Olympic,Amelia Hurt,"Carnelian  Bay, California",Alpine Skiing - Women's,Winter,2026
Olympic,Breezy Johnson,"Jackson Hole, Wyoming",Alpine Skiing - Women's,Winter,2026
Olympic,Paula Moltzan,"Lakeville, Minnesota",Alpine Skiing - Women's,Winter,2026
Olympic,Nina O'Brien,"San Francisco, California",Alpine Skiing - Women's,Winter,2026
Olympic,Mikaela Shiffrin,"Edwards, Colorado",Alpine Skiing - Women's,Winter,2026
Olympic,Lindsey Vonn,"Vail, Colorado",Alpine Skiing - Women's,Winter,2026
Olympic,Jacqueline Wiles,"Aurora, Oregon",Alpine Skiing - Women's,Winter,2026
Olympic,Isabella Wright,"Salt Lake City, Utah",Alpine Skiing - Women's,Winter,2026
Olympic,Cameron Smith,"Rockford, Illinois",Ski Mountaineering,Winter,2026
Olympic,Anna Gibson,"Teton Village, Wyoming",Ski Mountaineering,Winter,2026
Olympic,Alessandro Barbieri,"Portland, Oregon",Snowboarding,Winter,2026
Olympic,Bea Kim,"Palos Verdes, California",Snowboarding,Winter,2026
Olympic,Chase Blackwell,"Longmont, Colorado",Snowboarding,Winter,2026
Olympic,Chloe Kim,"Torrance, California",Snowboarding,Winter,2026
Olympic,Faye Thelen,"Cottonwood Heights, Utah",Snowboarding,Winter,2026
Olympic,Jake Canter,"Silverthorne, Colorado",Snowboarding,Winter,2026
Olympic,Sean FitzSimons,"Hood River, Oregon",Snowboarding,Winter,2026
Olympic,Red Gerard,"Silverthorne , Colorado",Snowboarding,Winter,2026
Olympic,Jake Pates,"Eagle, Colorado",Snowboarding,Winter,2026
Olympic,Maddie Mastro,"Wrightwood , California",Snowboarding,Winter,2026
Olympic,Iris Pflum,"Minneapolis, Minnesota",Snowboarding,Winter,2026
Olympic,Nick Baumgartner,"Iron River, Michigan",Snowboarding,Winter,2026
Olympic,Jake Vedder,"Pinckney, Michigan",Snowboarding,Winter,2026
Olympic,Cody Winters,"Steamboat Springs, Colorado",Snowboarding,Winter,2026
Olympic,Stacy Gaskill,"Golden, Colorado",Snowboarding,Winter,2026
Olympic,Hanna Percy,"Truckee, California",Snowboarding,Winter,2026
Olympic,Brianna Schnorrbusch,"Monroe Township, New Jersey",Snowboarding,Winter,2026
Olympic,Oliver Martin,"Vail, Colorado",Snowboarding,Winter,2026
Olympic,Hahna Norman,"Truckee, California",Snowboarding,Winter,2026
Olympic,Lily Dhawornvej,"Copper Mountain, Colorado",Snowboarding,Winter,2026
Olympic,Madeline Schaffrick,"Steamboat Springs, Colorado",Snowboarding,Winter,2026
Olympic,Nathan Pare,"Bethel, Maine",Snowboarding,Winter,2026
Olympic,Chase Josey,"Sun Valley, Idaho",Snowboarding,Winter,2026
Olympic,Jess Perlmutter,"Millburn, New Jersey",Snowboarding,Winter,2026
Olympic,Brandon Kim,"Fairfax, Virginia",Speedskating (Short Track),Winter,2026
Olympic,Clayton DeClemente,"Poughkeepsie, New York",Speedskating (Short Track),Winter,2026
Olympic,Corinne Stoddard,"Tacoma, Washington",Speedskating (Short Track),Winter,2026
Olympic,Eunice Lee,"Bellevue, Washington",Speedskating (Short Track),Winter,2026
Olympic,Julie Letai,"Medfield, Massachusetts",Speedskating (Short Track),Winter,2026
Olympic,Kamryn Lute,"New York, New York",Speedskating (Short Track),Winter,2026
Olympic,Kristen Santos-Griswold,"Fairfield, Connecticut",Speedskating (Short Track),Winter,2026
Olympic,Andrew Heo,"Warrington, Pennsylvania",Speedskating (Short Track),Winter,2026
Olympic,Brittany Bowe,"Ocala, Florida",Speedskating (Long Track),Winter,2026
Olympic,Casey Dawson,"Park City, Utah",Speedskating (Long Track),Winter,2026
Olympic,Conor McDermott-Mostowy,"Washington, Washington D.C.",Speedskating (Long Track),Winter,2026
Olympic,Cooper McLeod,"Burlington, Washington",Speedskating (Long Track),Winter,2026
Olympic,Emery Lehman,"Oak Park, Illinois",Speedskating (Long Track),Winter,2026
Olympic,Erin Jackson,"Ocala, Florida",Speedskating (Long Track),Winter,2026
Olympic,Ethan Cepuran,"Glen Ellyn, Illinois",Speedskating (Long Track),Winter,2026
Olympic,Giorgia Birkeland,"White Bear Lake, Minnesota",Speedskating (Long Track),Winter,2026
Olympic,Greta Myers,"Lino Lakes, Minnesota",Speedskating (Long Track),Winter,2026
Olympic,Jordan Stolz,"Kewaskum, Wisconsin",Speedskating (Long Track),Winter,2026
Olympic,Mia Manganello,"Crestview, Florida",Speedskating (Long Track),Winter,2026
Olympic,Sarah Warren,"Willowbrook, Illinois",Speedskating (Long Track),Winter,2026
Olympic,Zachary Stoppelmoor,"West Des Moines, Iowa",Speedskating (Long Track),Winter,2026
Paralympic,Jasmin Bambur,"Vail, Colorado",Para Alpine Skiing,Winter,2026
Paralympic,Matthew Brewer,"Huntington Beach, California",Para Alpine Skiing,Winter,2026
Paralympic,Noah Bury,"Salt Lake City, Utah",Para Alpine Skiing,Winter,2026
Paralympic,Audrey Crowley,"Grafton, Wisconsin",Para Alpine Skiing,Winter,2026
Paralympic,Ravi Drugan,"Eugene, Oregon",Para Alpine Skiing,Winter,2026
Paralympic,Blake Eaton,"Duluth, Minnesota",Para Alpine Skiing,Winter,2026
Paralympic,Robert Enigl,"Kaukauna, Wisconsin",Para Alpine Skiing,Winter,2026
Paralympic,Hailey Griffin,"Ridgway, Colorado",Para Alpine Skiing,Winter,2026
Paralympic,Spenser Gustafson,"Edina, Minnesota",Para Alpine Skiing (Guide),Winter,2026
Paralympic,Margaret Gustafson,"Edina, Minnesota",Para Alpine Skiing,Winter,2026
Paralympic,Patrick Halgren,"Tolland, Connecticut",Para Alpine Skiing,Winter,2026
Paralympic,Andrew Haraghey,"Enfield, Connecticut",Para Alpine Skiing,Winter,2026
Paralympic,Allie Johnson,"Western Springs, Illinois",Para Alpine Skiing,Winter,2026
Paralympic,Jesse Keefe,"Sun Valley, Idaho",Para Alpine Skiing,Winter,2026
Paralympic,Andrew Kurka,"Palmer, Alaska",Para Alpine Skiing,Winter,2026
Paralympic,Tyler McKenzie,"Leominster, Massachusetts",Para Alpine Skiing,Winter,2026
Paralympic,Saylor O'Brien,"Woodland, Utah",Para Alpine Skiing,Winter,2026
Paralympic,Kelsey O'Driscoll,"Caldwell, New Jersey",Para Alpine Skiing,Winter,2026
Paralympic,Michael O'Hearn,"Spring Lake, New Jersey",Para Alpine Skiing,Winter,2026
Paralympic,Anna Soens,"Kenosha, Wisconsin",Para Alpine Skiing,Winter,2026
Paralympic,Laurie Stephens,"Wenham, Massachusetts",Para Alpine Skiing,Winter,2026
Paralympic,Kyle Taulman,"Steamboat Springs, Colorado",Para Alpine Skiing,Winter,2026
Paralympic,David Williams,"Wentzville, Missouri",Para Alpine Skiing,Winter,2026
Paralympic,Spencer Wood,"Pittsfield, Vermont",Para Alpine Skiing,Winter,2026
Paralympic,Laura Dwyer,"Hartland, Wisconsin",Wheelchair Curling,Winter,2026
Paralympic,Steve Emt,"Deforest, Wisconsin",Wheelchair Curling,Winter,2026
Paralympic,Sean O'Neill,"Forestdale, Massachusetts",Wheelchair Curling,Winter,2026
Paralympic,Daniel Rose,"Aurora, Colorado",Wheelchair Curling,Winter,2026
Paralympic,Matthew Thums,"Prentice, Wisconsin",Wheelchair Curling,Winter,2026
Paralympic,Batoyun Uranchimeg,"Burnsville, Minnesota",Wheelchair Curling,Winter,2026
Paralympic,Kathleen Verderber,"Valier, Montana",Wheelchair Curling,Winter,2026
Paralympic,Kayden Beasley,"Coats, North Carolina",Sled Hockey,Winter,2026
Paralympic,Brett Bolton,"Rockledge, Florida",Sled Hockey,Winter,2026
Paralympic,Liam Cunningham,"River Falls, Wisconsin",Sled Hockey,Winter,2026
Paralympic,Travis Dodson,"Franklin, Tennessee",Sled Hockey,Winter,2026
Paralympic,David Eustace,"Stoneham, Massachusetts",Sled Hockey,Winter,2026
Paralympic,Declan Farmer,"Tampa, Florida",Sled Hockey,Winter,2026
Paralympic,Noah Grove,"Frederick, Maryland",Sled Hockey,Winter,2026
Paralympic,Malik Jones,"Aurora, Colorado",Sled Hockey,Winter,2026
Paralympic,Griffin Lamarre,"Haverhill, Massachusetts",Sled Hockey,Winter,2026
Paralympic,Jen Yung Lee,"Daly City, California",Sled Hockey,Winter,2026
Paralympic,Kevin McKee,"Davenport, Iowa",Sled Hockey,Winter,2026
Paralympic,Josh Misiewicz,"Lagrange, Illinois",Sled Hockey,Winter,2026
Paralympic,Evan Nichols,"Haymarket, Virginia",Sled Hockey,Winter,2026
Paralympic,Joshua Pauls,"Green Brook, New Jersey",Sled Hockey,Winter,2026
Paralympic,Brody Roybal,"Northlake, Illinois",Sled Hockey,Winter,2026
Paralympic,Landon Uthke,"Albert Lea, Minnesota",Sled Hockey,Winter,2026
Paralympic,Jack Wallace,"Franklin Lakes, New Jersey",Sled Hockey,Winter,2026
Paralympic,Jacob Adicoff,"Sun Valley, Idaho",Para Nordic Skiing,Winter,2026
Paralympic,Dani Aravich,"Boise, Idaho",Para Nordic Skiing,Winter,2026
Paralympic,Jack Berry,"Missoula, Montana",Para Nordic Skiing,Winter,2026
Paralympic,Daniel Cnossen,"Topeka, Kansas",Para Nordic Skiing,Winter,2026
Paralympic,Reid Goble,"Harbor Springs, Michigan",Para Nordic Skiing (Guide),Winter,2026
Paralympic,Kendall Gretsch,"Downers Grove, Illinois",Para Nordic Skiing,Winter,2026
Paralympic,Michael Kneeland,"Bozeman, Montana",Para Nordic Skiing,Winter,2026
Paralympic,Erin Martin,"Sioux Falls, South Dakota",Para Nordic Skiing,Winter,2026
Paralympic,Oksana Masters,"Louisville, Kentucky",Para Nordic Skiing,Winter,2026
Paralympic,Max Nelson,"Grant/Stillwater, Minnesota",Para Nordic Skiing,Winter,2026
Paralympic,Sydney Peterson,"Lake Elmo, Minnesota",Para Nordic Skiing,Winter,2026
Paralympic,Aaron Pike,"Park Rapids, Minnesota",Para Nordic Skiing,Winter,2026
Paralympic,August Schatzlein,"Savage, Minnesota",Para Nordic Skiing (Guide),Winter,2026
Paralympic,Josh Sweeney,"Glendale, Arizona",Para Nordic Skiing,Winter,2026
Paralympic,Peter Wolter,"Hailey, Idaho",Para Nordic Skiing (Guide),Winter,2026
Paralympic,Nicole Zaino,"Brookfield, Connecticut",Para Nordic Skiing,Winter,2026
Paralympic,Kate Delson,"San Diego, California",Para Snowboarding,Winter,2026
Paralympic,Noah Elliott,"St. Charles, Missouri",Para Snowboarding,Winter,2026
Paralympic,Keith Gabel,"Ogden, Utah",Para Snowboarding,Winter,2026
Paralympic,Jackie Hamwey,"Sudbury, Massachusetts",Para Snowboarding,Winter,2026
Paralympic,Brenna Huckaby,"Kalispell, Montana",Para Snowboarding,Winter,2026
Paralympic,Zach Miller,"Littleton, Colorado",Para Snowboarding,Winter,2026
Paralympic,Joseph Pleban,"Fredericksburg, Virginia",Para Snowboarding,Winter,2026
Paralympic,Mike Schultz,"Kimball, Minnesota",Para Snowboarding,Winter,2026